customer_id,unit_id,name,address,phone,email
1,1,Gustavo Teixeira,"Aeroporto Ribeiro, 79
Flamengo
31265-837 Duarte / MG",+55 41 8514-7035,jnogueira@example.com
2,1,Maria Liz Almeida,"Setor Guerra, 688
Acaiaca
32995470 Duarte / MA",41 4272-4014,ecastro@example.com
3,1,Rafael Mendes,"Lagoa Silveira, 555
Penha
38000-003 Dias / AP",(061) 0885 6420,salesallana@example.net
4,1,Luisa Marques,"Area Gomes
Universo
32660908 Oliveira do Galho / AM",+55 (081) 9046-9817,ana-beatriz48@example.org
5,1,Carolina Campos,"Trevo Sales, 23
Santo Andre
77733501 Sa do Norte / TO",11 2707-8659,luiz-henrique97@example.com
6,1,Hellena Albuquerque,"Campo de Albuquerque, 44
Nossa Senhora Do Rosario
77894814 Martins da Prata / RO",+55 (031) 0287 9366,eloah73@example.com
7,1,Srta. Gabriela Pimenta,"Sitio Cirino, 62
Vila Suzana Segunda Secao
79806-861 Rocha / AM",(031) 6964-9388,fogacamaria-laura@example.com
8,1,Rebeca Albuquerque,"Lagoa de Sampaio, 27
Novo Aarao Reis
04977-864 Souza de Costa / PA",31 3822-7790,stephany14@example.org
9,1,Thiago Viana,"Lagoa Daniela Camara
Novo Gloria
64766-216 Pastor / PI",+55 81 0584-8823,lcamara@example.com
10,1,Joao Gabriel Fogaca,"Lago Ferreira
Penha
42303559 Ribeiro das Pedras / SE",(084) 7377 4837,fda-luz@example.com
11,1,Dra. Nina Fernandes,"Setor de Macedo, 317
Vila Jardim Montanhes
25006-631 Martins de Goias / PE",(051) 0794-1769,samuelteixeira@example.org
12,1,Calebe Cavalcanti,"Ladeira Mirella Sousa, 13
Cachoeirinha
98917310 Porto de Goias / MA",0900-703-0536,ana-beatrizcorreia@example.com
13,1,Benicio Costela,"Rua de Cirino, 672
Vila Piratininga Venda Nova
81472461 Fonseca do Amparo / SC",51 9693 6641,rael24@example.org
14,1,Dr. Levi Melo,"Rua da Rosa, 16
Vila Santa Monica 2a Secao
78788-203 Goncalves / SE",71 2363-3804,cnovais@example.org
15,1,Sophie da Costa,"Trecho de Rocha, 71
Bernadete
83670285 Mendes / CE",0500 467 1053,bryan71@example.org
16,1,Matheus Fernandes,"Viaduto Camara, 9
Vila Da Amizade
63769323 Caldeira / GO",(051) 3820-5409,hfogaca@example.com
17,1,Manuela Cirino,"Loteamento Gabriela Mendes, 63
Vila Sao Dimas
98464577 Vieira / AC",+55 (011) 5826-9316,rebecafonseca@example.com
18,1,Erick Camargo,"Vila de Porto, 39
Vila Maria
20644357 Garcia Verde / MA",(061) 4456 6100,limaeloa@example.net
19,1,Davi Lucca da Costa,"Ladeira de Ferreira, 34
Caetano Furquim
03944-313 Monteiro das Pedras / RN",(031) 9776 8105,marianedas-neves@example.net
20,1,Jade Pimenta,"Largo Maria Julia Ferreira, 69
Santa Branca
70834-326 Farias do Sul / GO",(061) 6951 6350,fogacaana@example.com
21,1,Manuela Cassiano,"Condominio de Oliveira, 687
Rio Branco
79126-583 Moreira / SE",(061) 5591 4572,kcavalcanti@example.com
22,1,Caleb Fernandes,"Campo de Pimenta, 179
Piratininga
17615-116 Rodrigues / RJ",+55 (071) 5081 8681,cardosoluna@example.org
23,1,Murilo Aragao,"Patio Brenda da Rosa, 242
Vila Santo Antonio
92165-760 Santos / RO",+55 61 1735-8741,juan44@example.org
24,1,Daniela Borges,"Viela Mendonca, 97
Palmares
06091127 Andrade da Mata / MA",+55 11 0683-6845,xda-cruz@example.com
25,1,Nicolas das Neves,"Estacao de da Mota, 208
Camponesa 1a Secao
49945-168 Gomes Paulista / MG",+55 84 1310-4941,qmendonca@example.net
26,1,Joao Miguel Nascimento,"Viela Ribeiro
Funcionarios
50894-119 Farias / DF",+55 (021) 7950 3286,kmonteiro@example.net
27,1,Lucas das Neves,"Rodovia de Campos, 1
Mariano De Abreu
89122-721 Almeida de Abreu / MG",+55 41 0650-1334,biancagomes@example.org
28,1,Natalia Sampaio,"Lagoa Marcela Caldeira, 34
Vila Paqueta
69518932 Teixeira / SP",+55 (011) 9481 0308,moreiramaria-laura@example.net
29,1,Ana Sophia Cardoso,"Avenida Maria Fonseca, 42
Barro Preto
40301-702 Vieira / AL",(084) 6002-2272,obarros@example.net
30,1,Mariah Marques,"Esplanada de Rodrigues, 88
Ceu Azul
12112-672 Marques dos Dourados / SE",+55 (061) 9100-4591,marceloandrade@example.org
31,1,Luiz Felipe da Paz,"Passarela Borges, 373
Teixeira Dias
44700-413 da Cruz / DF",+55 11 4562 6425,enricopacheco@example.net
32,1,Benicio Souza,"Rodovia Enrico Guerra
Solar Do Barreiro
72345696 Garcia / RN",(051) 4240-9986,martinsjade@example.net
33,1,Maria Luiza Moura,"Lagoa Pires, 29
Vila Real 2a Secao
34072465 Porto / MG",+55 51 6117 2627,silvaluiz-henrique@example.net
34,1,Jose Pedro Goncalves,"Trevo de Novais, 20
Barao Homem De Melo 2a Secao
06993847 Pinto / TO",41 0776-4129,diogo47@example.org
35,1,Sabrina Farias,"Aeroporto de Sa, 72
Vila Novo Sao Lucas
00880477 Garcia da Serra / PA",0800 507 9186,melonicolas@example.com
36,1,Joao Vitor Araujo,"Loteamento Augusto Freitas, 63
Vila Copasa
58054867 da Mota Alegre / AP",11 5517-2926,silveiravitor-gabriel@example.org
37,1,Sophia Leao,"Trecho de Ferreira, 70
Juliana
64881-721 Araujo / RN",+55 (051) 1123-6142,nda-rosa@example.net
38,1,Antony Oliveira,"Aeroporto Mirella Vasconcelos
Vila Jardim Sao Jose
17118-572 Farias / RS",(071) 5074 6621,agathada-cunha@example.com
39,1,Milena Rios,"Colonia Abreu, 649
Ouro Preto
87114344 Vieira / RR",84 6444 2906,almeidatheo@example.net
40,1,Mariana Freitas,"Passarela Hadassa Camara, 46
Novo Ouro Preto
31723299 Pereira de Lopes / AC",81 5192 4634,ypeixoto@example.com
41,1,Dr. Kaique Monteiro,"Travessa Leandro Macedo, 36
Santa Maria
59673509 da Conceicao do Amparo / AP",(041) 9300-0250,pda-rocha@example.com
42,1,Dr. Jose Moreira,"Conjunto de Novaes, 29
Campo Alegre
09255-478 Rodrigues de Pimenta / SC",71 5933-6865,novaesrebeca@example.com
43,1,Rebeca Casa Grande,"Quadra Ribeiro, 69
Vila Jardim Montanhes
21750-152 Silva / PA",+55 31 9910-1422,jose-miguel27@example.net
44,1,Maria Fernanda Duarte,"Feira Agatha Silva, 63
Savassi
23510-585 Jesus / PA",+55 (081) 8018 7004,sabrinacamara@example.net
45,1,Luan Goncalves,"Largo Correia, 31
Sao Geraldo
55151196 Vasconcelos / ES",+55 (011) 3294 5635,lavinia56@example.net
46,1,Fernanda Cardoso,"Residencial Pedro Henrique Jesus, 9
Buraco Quente
29958-009 Fonseca / AP",+55 51 2974 0522,gomessamuel@example.org
47,1,Benjamim Correia,"Travessa Fernandes, 378
Cidade Jardim Taquaril
78173-900 Machado Paulista / RN",41 2201-0213,rodriguesmarcela@example.net
48,1,Antonio Jesus,"Chacara de Goncalves, 83
Nova Vista
94080-164 Ramos de Minas / PR",+55 (071) 1212-9957,garcialuiz-miguel@example.org
49,1,Alana Araujo,"Fazenda Larissa Moreira, 93
Carmo
91186160 Gomes / AC",+55 11 2712-0905,lfogaca@example.com
50,1,Patrick Diorio,"Vale Ana Julia Andrade
Jardinopolis
79943719 Albuquerque / SP",+55 (081) 0140 0591,ucunha@example.net
51,2,Stella Alves,"Distrito Marcela Gomes, 42
Oeste
80248336 Novais / PE",0800 892 8022,jose79@example.net
52,2,Caroline Barros,"Lagoa Rodrigues
Cdi Jatoba
18624-201 Albuquerque / GO",+55 84 9367 4812,bentoda-conceicao@example.net
53,2,Dr. Joaquim Peixoto,"Viela Albuquerque, 46
Pompeia
46857138 Azevedo / SE",(021) 3119 4641,maria-luisa62@example.net
54,2,Cecilia Macedo,"Residencial Cavalcanti, 68
Dom Silverio
95855559 Farias / RO",+55 (061) 2772 0985,kevinmendonca@example.com
55,2,Aylla Oliveira,"Vila de Carvalho, 2
Marieta 3a Secao
06745095 Viana de Montenegro / AL",(081) 5833 7749,cgoncalves@example.com
56,2,Joao Felipe Correia,"Aeroporto de Pimenta, 55
Vila Minaslandia
23946-233 da Cunha / PB",21 4002 9546,matteo32@example.com
57,2,Isadora Nascimento,"Lago Josue Pimenta, 68
Sao Goncalo
22653-025 da Rosa Paulista / AL",+55 (011) 7691-9384,apires@example.com
58,2,Enrico Ribeiro,"Rodovia Mariana da Rosa, 30
Senhor Dos Passos
59702846 Rodrigues / AL",(041) 5435 9380,ianmoura@example.net
59,2,Maria Julia Rocha,"Nucleo de da Costa, 995
Penha
03210876 Macedo de Minas / MG",(031) 0023 0373,iaraujo@example.com
60,2,Heitor da Rosa,"Sitio Otto Sa, 15
Marieta 3a Secao
42530-659 Azevedo do Norte / PI",41 7880-2008,eloah17@example.net
61,2,Luiz Otavio Lima,"Largo de Barros, 554
Nova Esperanca
93695446 Borges / TO",+55 31 7299-5918,aragaojade@example.net
62,2,Evelyn Sousa,"Area Ana Cecilia Pacheco, 63
Vila Jardim Leblon
40389371 Souza / PA",+55 (041) 6882 2256,antonella30@example.com
63,2,Dra. Alana Mendonca,"Rua Leo Barros, 69
Monte Azul
29191227 Sa / AM",+55 (011) 6196-0276,novaesisabella@example.org
64,2,Antonella da Conceicao,"Morro de Casa Grande, 82
Pindura Saia
33633550 Freitas de Minas / TO",+55 71 1813-8825,brunopeixoto@example.net
65,2,Rafaela da Paz,"Passarela de Ramos
Sao Salvador
48314762 Sampaio de Pastor / PE",+55 (051) 6298 4240,zleao@example.net
66,2,Dr. Dom da Costa,"Rua Ana Liz da Rosa, 3
Primeiro De Maio
76446260 Rodrigues do Sul / TO",(041) 8490-0877,eduardo33@example.com
67,2,Jose Miguel Moraes,"Patio Isaque Costela, 76
Alta Tensao 2a Secao
47840-357 Castro da Serra / MG",(011) 6226 2903,vitoria73@example.com
68,2,Isabel da Cruz,"Colonia de da Cruz
Nova Gameleira
36622-179 Araujo / PR",41 3771 5968,bdas-neves@example.com
69,2,Eloa Freitas,"Fazenda de Peixoto, 10
Nossa Senhora Do Rosario
92562-400 Aparecida / MA",+55 (041) 7421 5843,acorreia@example.com
70,2,Matheus Rodrigues,"Favela Ana Luiza Araujo, 33
Itapoa
97712664 Pastor / RR",+55 81 3005-2494,laura81@example.net
71,2,Dr. Theo da Rosa,"Travessa de Carvalho
Pindorama
44809-151 Nogueira do Norte / SC",61 3869 8285,pintocecilia@example.net
72,2,Vitoria Vargas,"Condominio Araujo, 83
Bernadete
91693681 Sales / ES",(021) 4523 2272,maria-lizgarcia@example.com
73,2,Joao Felipe Barros,"Vereda da Conceicao, 250
Sao Francisco Das Chagas
77990870 da Paz / AL",21 2572-5387,marianepinto@example.com
74,2,Sra. Alana Almeida,"Alameda Melo, 90
Pilar
27453366 Nascimento / PR",21 9204-2644,nsales@example.net
75,2,Luigi Pires,"Quadra de Azevedo, 5
Esplanada
58381626 Souza da Prata / DF",+55 81 4444 8010,da-pazfrancisco@example.com
76,2,Lara Pastor,"Residencial Correia, 827
Cdi Jatoba
53699-292 da Cunha / BA",(021) 2694-9152,tmendes@example.org
77,2,Gael Souza,"Chacara de Vargas
Gameleira
19360818 Rezende / PR",(061) 5175 7818,jose-miguelalmeida@example.net
78,2,Calebe Sampaio,"Nucleo de Viana, 57
Itaipu
40469279 Cirino / MS",+55 (031) 8101-6999,asafeborges@example.org
79,2,Clarice Monteiro,"Jardim de Almeida, 15
Cdi Jatoba
72718537 Camargo de Minas / AP",+55 31 7924-5271,costelalavinia@example.net
80,2,Stephany Vargas,"Esplanada de Pacheco, 56
Itaipu
12366-314 Mendonca / GO",(061) 0788 0089,maria25@example.net
81,2,Srta. Evelyn Santos,"Morro Olivia Barbosa, 2
Apia
79090-918 da Costa / AL",84 4201-3931,caldeirabruna@example.org
82,2,Srta. Elisa Oliveira,"Trecho Joao Lucas Goncalves, 55
Miramar
56022-821 Borges de Sales / ES",+55 (031) 9780 5125,goncalvesalana@example.net
83,2,Andre Alves,"Avenida de Melo, 32
Barreiro
60019188 Costela de Goias / RR",(051) 8953-1979,thomas13@example.com
84,2,Dr. Andre da Costa,"Lago de Sampaio, 814
Bonsucesso
92872-984 Andrade / PI",+55 71 7434-3841,antony37@example.com
85,2,Thiago Garcia,"Vila Araujo, 35
Conjunto Minas Caixa
59767143 da Conceicao / PA",(041) 0289-1404,riosagatha@example.com
86,2,Luigi Casa Grande,"Conjunto Sarah Jesus, 352
Liberdade
47908-358 Siqueira da Serra / SE",+55 (031) 6858-7708,valentina93@example.com
87,2,Diego Cavalcante,"Estrada Montenegro, 24
Nova Esperanca
10036812 Fernandes / BA",+55 (031) 2326-0965,bda-rosa@example.com
88,2,Valentina Carvalho,"Estrada Vitor Hugo Fogaca, 48
Cardoso
74480-042 Casa Grande / DF",(084) 5221 3516,ryanribeiro@example.net
89,2,Sr. Rodrigo Camara,"Feira Jose Pedro Vargas, 538
Vila Primeiro De Maio
18259-238 da Rocha de Minas / ES",0500 267 9963,rodrigo62@example.net
90,2,Nicole Abreu,"Ladeira Rafael Vargas, 16
Bom Jesus
84807-598 da Mota das Flores / TO",+55 51 8652 1456,caiopereira@example.net
91,2,Milena Camara,"Colonia Joao Lucas Cavalcante, 44
Granja Werneck
26635-854 Costa / PB",+55 (071) 8577-3606,vieiraguilherme@example.org
92,2,Rebeca Vasconcelos,"Travessa Fogaca
Santo Antonio
30334333 Vasconcelos / PR",(084) 5316-7733,vmachado@example.com
93,2,Pedro Henrique Albuquerque,"Avenida Rios, 92
Buritis
10348-399 Sales / RJ",+55 (084) 9893 7152,olivia72@example.org
94,2,Augusto Novaes,"Feira da Costa, 14
Boa Uniao 1a Secao
50872489 Correia das Flores / CE",(081) 4161 9350,luiz-henrique85@example.com
95,2,Yuri Macedo,"Avenida de Martins, 17
Barao Homem De Melo 3a Secao
18292740 Ribeiro de Pacheco / CE",+55 (021) 6523 6799,isabelaviana@example.com
96,2,Emanuel Moreira,"Area Moura, 19
Floresta
71177-468 Macedo / AM",+55 21 6252-5724,mmartins@example.net
97,2,Mariana da Rosa,"Avenida de Jesus, 370
Buraco Quente
41931-485 Costa / MS",(031) 0808 8565,guilherme74@example.org
98,2,Francisco Fernandes,"Vereda de Camara, 67
Vila Esplanada
86800-882 Campos / MA",(061) 6097 7252,jose-pedrofreitas@example.net
99,2,Benicio Sales,"Alameda de Peixoto, 65
Milionario
89699-534 Alves de Porto / PB",+55 (031) 4798 1951,qcostela@example.net
100,2,Mariah Machado,"Sitio Nogueira, 9
Fernao Dias
84942-866 Carvalho de Camargo / AP",51 4785 9819,osales@example.net
101,3,Elisa da Rocha,"Parque Ana Cecilia Oliveira, 936
Oeste
44648-624 Dias / MT",(071) 0262-0122,lduarte@example.org
102,3,Sra. Lunna Jesus,"Conjunto de Vargas, 93
Leticia
73190135 da Paz / AP",+55 (071) 4044 4066,fvieira@example.com
103,3,Sra. Julia Nunes,"Loteamento Joao Gabriel Correia, 21
Madre Gertrudes
19195-809 Jesus / RO",0900 886 2950,mariane41@example.com
104,3,Pedro Goncalves,"Viela Rezende, 226
Prado
77229463 Borges da Mata / PE",(011) 6683-2720,barrosmarcelo@example.org
105,3,Maria Liz Ribeiro,"Avenida de Campos, 22
Unidas
67969-598 Novais / PR",(021) 1310 0007,portolorena@example.com
106,3,Melissa Fogaca,"Lagoa Sa, 965
Outro
12319-253 Ramos / RR",31 5471-1313,ssales@example.com
107,3,Lais Abreu,"Area Castro, 971
Alpes
10150-900 Silveira da Prata / RS",0900 321 4452,bdias@example.org
108,3,Bernardo Souza,"Estrada Arthur Gabriel Fogaca, 5
Pindura Saia
17022-610 Nunes de Rezende / AL",(051) 7107-5525,tnascimento@example.com
109,3,Dr. Breno Fonseca,"Largo de Silva, 129
Vila Antena Montanhes
69846111 Monteiro de Minas / RR",(041) 0607-9721,agatha91@example.net
110,3,Cecilia Sousa,"Loteamento Siqueira, 75
Dom Bosco
90509360 Araujo Paulista / CE",(084) 1489-1333,zribeiro@example.net
111,3,Caua Gomes,"Passarela Alicia Sa, 13
Vila Uniao
25686-579 Aragao da Prata / MG",41 2283-9221,nogueiramaria-vitoria@example.com
112,3,Sarah da Cunha,"Via de Ramos, 8
Coqueiros
49190315 Santos dos Dourados / RN",+55 (081) 6129-9302,salesisabelly@example.org
113,3,Nathan Azevedo,"Distrito Rocha, 87
Aparecida 7a Secao
90790-952 da Costa / AL",+55 (011) 9074-8279,da-luzapollo@example.com
114,3,Enzo Pereira,"Vereda de da Cruz
Vila Do Pombal
25039-332 Cavalcanti / PA",21 0517-1673,zfogaca@example.com
115,3,Maria Eduarda Moreira,"Estacao Rodrigues, 301
Serrano
75844281 Campos da Mata / PI",71 0914-1939,ana-laurateixeira@example.net
116,3,Agatha da Rosa,"Patio de Nascimento, 69
Europa
83025284 da Costa da Serra / MA",+55 51 4644 9568,vitorcassiano@example.org
117,3,Leo Camargo,"Colonia de da Costa, 36
Vila Pinho
11365538 Barbosa / PR",(084) 2120 8363,souzaheitor@example.net
118,3,Dr. Arthur Gabriel Guerra,"Viaduto Matheus Lopes
Alto Barroca
75835347 Rocha da Mata / RO",+55 (031) 0624 6491,luiz-henriquevasconcelos@example.net
119,3,Nina Silveira,"Favela de Leao
Prado
06035742 Rezende / RJ",31 4206 4099,goncalvesmaria-julia@example.net
120,3,Ana Luiza Alves,"Aeroporto Liam Sales, 9
Nossa Senhora De Fatima
94311-863 Sales / RN",(041) 9774-1434,barbosalucca@example.com
121,3,Sr. Jose Pedro Silva,"Passarela de Rodrigues, 28
Serra Verde
69792691 da Paz / PB",31 2743 4722,silvajoao-felipe@example.com
122,3,Yan Duarte,"Viela Manuela Siqueira, 14
Guarani
18743-872 Aparecida / MG",+55 41 8881 7159,da-rochatheo@example.com
123,3,Isabel Farias,"Distrito Ferreira, 95
Jaqueline
52251336 Viana Alegre / RN",(084) 2285 0486,renanrezende@example.net
124,3,Lucas Gabriel Nogueira,"Aeroporto Alana Santos, 91
Vila Sesc
89221-717 Pinto do Galho / AC",0500 615 1795,brenomendes@example.net
125,3,Maria Helena Moreira,"Via Almeida, 77
Esperanca
13577-722 Mendonca / PR",+55 11 5459-3381,lucas-gabriel94@example.net
126,3,Ana Carolina Machado,"Patio Carlos Eduardo Melo, 44
Tupi B
17494-637 Almeida do Sul / PI",+55 (081) 7240 8394,maria-vitoria97@example.org
127,3,Maria Luisa Sousa,"Distrito de Rodrigues, 17
Virginia
81448-155 Costela da Serra / MS",84 1835-9792,fariasayla@example.com
128,3,Luiz Fernando Silveira,"Praia Viana, 4
Leticia
37203-818 Teixeira de Minas / TO",84 4769 8956,salves@example.org
129,3,Leandro Cardoso,"Nucleo Vieira, 30
Vila Uniao
95807-064 Borges / BA",+55 (031) 4534-4927,eduardo48@example.net
130,3,Clara Duarte,"Trecho de da Mota, 76
Campo Alegre
41387850 Mendonca do Campo / RO",0800 125 8531,vda-conceicao@example.org
131,3,Carlos Eduardo Azevedo,"Vereda de Guerra, 26
Sao Damiao
01460112 Moraes de Goias / RJ",+55 51 3836 8985,guerracalebe@example.com
132,3,Lucca Jesus,"Vale de Rocha, 68
Santo Antonio
19967-052 Marques / RO",0800-181-5734,isaqueporto@example.org
133,3,Ana Julia Mendes,"Feira Viana, 980
Santa Cecilia
46480-296 Sampaio de da Cruz / RO",+55 (031) 2933 8055,maria-fernandacardoso@example.org
134,3,Maria Clara Fonseca,"Estrada de Campos, 4
Floresta
50623-543 Silveira do Campo / AM",+55 (081) 3201-4402,monteirozoe@example.org
135,3,Emilly Aragao,"Aeroporto de Cavalcanti, 17
Vitoria
64359-782 Brito de Minas / BA",0500-678-9637,ana-liviacampos@example.org
136,3,Anthony Machado,"Area Agatha Monteiro, 24
Beija Flor
33258-830 Camargo / PI",+55 71 8072-6990,cardosoalexandre@example.org
137,3,Bryan Peixoto,"Viaduto Mariane Caldeira, 97
Uniao
71669-280 Goncalves / PE",+55 (051) 6749 3666,amandada-paz@example.net
138,3,Mateus Pires,"Ladeira de Barbosa, 76
Vila Sao Joao Batista
12172-016 Gomes / BA",(071) 6637-5186,rochazoe@example.com
139,3,Caleb Abreu,"Feira Dom Caldeira
Vila Betania
77711014 Camargo da Mata / PA",+55 31 7781 3948,macedobenjamim@example.com
140,3,Daniela da Mata,"Sitio Bianca Pereira, 79
Vila Sao Dimas
18709433 Jesus da Serra / SP",+55 61 7203 0125,salesayla@example.net
141,3,Gabrielly Viana,"Trevo de Cavalcante, 18
Sao Jorge 3a Secao
19176-691 Camara / ES",+55 71 9234 3047,milena07@example.com
142,3,Maria Isis da Costa,"Recanto de Leao, 75
Conjunto Jardim Filadelfia
88166-896 Duarte Grande / RN",41 0606 8263,joaquimcosta@example.org
143,3,Dr. Davi Lucca Carvalho,"Alameda Campos, 9
Santo Agostinho
20097-689 Santos / RS",0800 788 3722,otavio98@example.net
144,3,Sra. Agatha Moraes,"Chacara Lais Costa, 69
Sao Francisco Das Chagas
24638-326 Vargas da Prata / MG",+55 71 1356 1315,ramospaulo@example.com
145,3,Aurora Lopes,"Distrito de Caldeira, 83
Guarani
98753-281 Moura Paulista / MT",+55 21 0506-3172,ibarros@example.com
146,3,Dr. Nathan Melo,"Esplanada Cassiano, 47
Boa Vista
37662-434 Moreira da Serra / RO",(071) 9395-3101,aragaogabriel@example.net
147,3,Nathan Borges,"Jardim Camara, 327
Vitoria
34547606 da Cunha / PA",71 4397 8803,aviana@example.net
148,3,Dr. Oliver Araujo,"Colonia de da Luz
Vila Novo Sao Lucas
20915-994 Duarte / PB",+55 (061) 9867 4839,correiapedro-henrique@example.org
149,3,Liz Cavalcanti,"Sitio Rafaela Santos, 29
Vila Ipiranga
79155-922 Moura / PI",+55 84 9674 0801,fbrito@example.net
150,3,Luiz Miguel Viana,"Chacara Igor Fernandes
Copacabana
75928691 Novaes do Oeste / RS",+55 71 9804-1143,maysa71@example.net
151,4,Carolina Ramos,"Sitio de Jesus, 918
Dom Bosco
56532139 Carvalho / PA",+55 (021) 1472 5632,peixotogiovanna@example.net
152,4,Sarah Cunha,"Chacara Ribeiro, 86
Flamengo
82356-891 Pereira / PE",+55 71 8816 9333,sarahlima@example.org
153,4,Isabela Garcia,"Parque Levi Pastor, 66
Conjunto California I
61196499 Fernandes do Norte / PE",(011) 1324-8522,thalesrocha@example.org
154,4,Pedro Casa Grande,"Vila de Souza, 56
Coracao De Jesus
85956-219 Lopes / PB",+55 (071) 5065-2930,maria-ceciliaporto@example.org
155,4,Rebeca Nascimento,"Aeroporto de Cardoso, 14
Vila Jardim Montanhes
78261-495 Pacheco do Campo / RO",(084) 9271 6290,novaismarina@example.org
156,4,Leonardo Novais,"Travessa Maria Laura Nogueira, 84
Sao Paulo
05581407 Costela / AP",(071) 8459-1395,isisabreu@example.net
157,4,Nathan da Paz,"Fazenda Helena Cassiano, 87
Vila Havai
11516-507 Melo do Galho / SP",21 6341-0507,mendesana-laura@example.com
158,4,Isis Cassiano,"Esplanada Martins, 9
Nossa Senhora Da Aparecida
33824-984 Aparecida do Amparo / CE",+55 61 0622-3788,lara63@example.org
159,4,Julia Fernandes,"Parque de Sampaio, 68
Morro Dos Macacos
24243800 Carvalho da Praia / RS",0300-203-4721,luisasousa@example.net
160,4,Dr. Dante Cavalcanti,"Trevo de Pastor, 42
Saudade
65223887 Sa / CE",+55 (031) 2050-3767,levibarros@example.net
161,4,Natalia Nogueira,"Fazenda de Peixoto, 59
Pongelupe
63493-282 Pinto / TO",+55 84 3299 0268,meloana-luiza@example.com
162,4,Nina Novais,"Vila de Alves, 1
Novo Aarao Reis
42349-064 Lima / PR",+55 84 6279 2150,cgomes@example.org
163,4,Davi Cavalcanti,"Lago Leonardo Silva
Vila Bandeirantes
06201841 Melo / SP",+55 (084) 9769 2803,amandarios@example.net
164,4,Ana Laura Castro,"Conjunto Nunes, 8
Nova Esperanca
17362-394 Castro da Serra / MS",(021) 2349-6116,erick15@example.net
165,4,Carlos Eduardo Mendes,"Patio Caroline Pinto, 23
Caicara - Adelaide
66942-651 Almeida / PI",11 9116 4499,npeixoto@example.com
166,4,Ana Julia da Luz,"Quadra Pacheco, 79
Ribeiro De Abreu
27568065 Borges / ES",51 0330 3738,lmoura@example.net
167,4,Maria Helena Moura,"Patio Dom Melo, 699
Parque Sao Jose
94417304 Pastor Grande / AP",+55 61 8251 4244,wcassiano@example.org
168,4,Nicole Rocha,"Aeroporto Lais Sales, 28
Conjunto Bonsucesso
39815088 Moura / RS",61 2745 1328,moreiralorenzo@example.org
169,4,Davi Miguel Sa,"Estacao Nogueira, 185
Lourdes
73546-085 da Conceicao / MS",+55 31 2115 3752,riosmanuella@example.org
170,4,Srta. Zoe da Mata,"Trevo Calebe Novaes, 65
Santa Maria
52936506 Cassiano / RN",+55 41 4663 8546,allanacavalcante@example.net
171,4,Augusto Fogaca,"Trecho Fernandes, 19
Dom Cabral
82938-397 Costela da Mata / PB",+55 (021) 2572-2311,andrademarina@example.com
172,4,Maria Julia Caldeira,"Loteamento Ana Cecilia Camargo, 948
Vila De Sa
12926-912 Sa / RS",+55 84 5100-4950,lavinia58@example.org
173,4,Ana Carolina Porto,"Nucleo Lopes, 592
Vila Petropolis
86039-754 Barros / AP",41 2715 0838,ninavieira@example.net
174,4,Yan Rezende,"Via Rezende, 50
Alvaro Camargos
86423-079 Fogaca / DF",84 8765 6373,qmarques@example.net
175,4,Caio da Luz,"Via de Vargas, 18
Centro
28145044 Rezende de Barros / ES",+55 31 7887-7926,hsampaio@example.com
176,4,Eduarda Brito,"Recanto Melo, 99
Vila Santa Monica 1a Secao
33204140 da Mata / RR",+55 (071) 2053 6200,ravyda-mata@example.net
177,4,Eduardo Ferreira,"Loteamento de Pires, 822
Braunas
90388-979 Monteiro / RO",+55 71 6771-1333,isadorafreitas@example.com
178,4,Dr. Luiz Gustavo Silveira,"Praia de Camara, 56
Xodo-Marize
48645-560 Pires Alegre / MG",+55 (084) 6180 2196,daniela85@example.com
179,4,Sr. Murilo Sousa,"Vereda Mendes
Sao Pedro
39605167 Martins / RR",81 3927 3658,maria-juliacamargo@example.org
180,4,Matheus Novaes,"Feira Emanuelly Correia, 58
Leonina
80914-641 Cunha / SE",(081) 9629-5438,vda-mota@example.org
181,4,Marcos Vinicius Fernandes,"Condominio Anna Liz Nogueira, 13
Vila De Sa
46707964 Rezende / PA",81 1903-4464,gomesjuan@example.org
182,4,Maria Cecilia Pinto,"Chacara de Teixeira
Pantanal
25370-139 Caldeira / RR",+55 61 0950 9412,zguerra@example.net
183,4,Dr. Theodoro Macedo,"Nucleo de Pinto, 86
Vila Canto Do Sabia
39439723 Cunha / TO",(021) 4036-7641,viniciuslima@example.org
184,4,Maria Julia Barros,"Vila de Cardoso, 642
Capitao Eduardo
77034-419 Costa da Serra / AL",(011) 8263-0123,agathaaragao@example.net
185,4,Mirella Vieira,"Passarela de Leao, 7
Sao Vicente
99362-921 Viana de Mendonca / SE",0300 252 6988,albuquerquevalentim@example.com
186,4,Rhavi Barros,"Aeroporto Fonseca, 429
Vila Vista Alegre
67780468 Montenegro / PE",+55 (051) 5372-9986,da-matadavi@example.com
187,4,Calebe Castro,"Jardim Camargo, 4
Comiteco
44252-736 Cassiano de Cunha / SE",+55 (011) 8056 0530,isadoramontenegro@example.com
188,4,Apollo Sa,"Quadra de Silveira
Pongelupe
48453-300 Araujo das Pedras / RN",81 7404-3305,rjesus@example.net
189,4,Melina Jesus,"Alameda Caleb Cassiano, 435
Vila Paraiso
78157-585 Oliveira / MG",+55 (011) 9923-7309,da-pazian@example.net
190,4,Beatriz da Conceicao,"Distrito Manuella da Costa, 9
Savassi
90547-256 Macedo / DF",0500-511-2330,sofia23@example.net
191,4,Juliana Montenegro,"Area Peixoto
Nazare
68630-327 Correia do Oeste / MS",+55 (011) 0839 8385,dnunes@example.net
192,4,Manuela Camargo,"Praca Camila Macedo, 46
Parque Sao Pedro
52507-627 Lima / AM",+55 (071) 8317-3383,enzosilva@example.net
193,4,Dra. Antonella Montenegro,"Area Araujo, 330
Cenaculo
22387-707 Cirino de Albuquerque / PB",31 5462 7197,ksousa@example.com
194,4,Amanda Moraes,"Sitio Pinto, 1
Nossa Senhora Do Rosario
37274796 Oliveira das Pedras / MS",+55 (021) 8729-0508,fernandesgael-henrique@example.org
195,4,Ravi Ribeiro,"Area de Campos, 375
Vila Canto Do Sabia
28844741 Monteiro do Campo / RN",41 6185-9182,dom20@example.net
196,4,Henry Moraes,"Trevo Jose Costela
Aguas Claras
61913-916 Marques do Amparo / MT",(061) 2342-4773,brayanmendes@example.com
197,4,Agatha Cardoso,"Conjunto Fogaca, 883
Sao Joao
64937-566 Cunha do Sul / RJ",41 3196-0770,lfonseca@example.com
198,4,Vinicius Moura,"Chacara Goncalves, 80
Vila Jardim Montanhes
73461-529 Alves / DF",+55 41 9484 8416,juliana89@example.com
199,4,Andre da Mata,"Trecho Maria Vitoria da Rosa, 2
Vila Vista Alegre
25419762 Sales do Campo / PB",84 0197-9172,anthony09@example.com
200,4,Sra. Maite Cardoso,"Lagoa Maria Luiza Cardoso, 94
Fernao Dias
59304728 Jesus / RS",+55 (081) 1459 7905,fariasdante@example.net
201,5,Bento Machado,"Setor de Silveira, 1
Vitoria
10337-479 Cunha de Rezende / RN",0300-540-3995,vinicius66@example.com
202,5,Bento Peixoto,"Campo Jesus, 18
Vila Pinho
27122-892 Vieira / CE",+55 (051) 6880-0391,arthurcasa-grande@example.com
203,5,Ana Laura da Conceicao,"Trevo Montenegro
Sion
75045797 Brito do Galho / SC",+55 51 0807 0198,anthony75@example.com
204,5,Bryan Monteiro,"Passarela Fernando Guerra, 8
Santa Rosa
86008-163 da Paz de da Cunha / RO",+55 21 9621-6730,ryan55@example.com
205,5,Dr. Lucas Alves,"Recanto Lara Lima, 84
Conjunto Serra Verde
34203314 Aparecida / BA",(011) 4471-8467,yasminvargas@example.net
206,5,Rafaela Camara,"Sitio Siqueira, 57
Serra Do Curral
54772900 Sa / PR",0900-096-2604,luarabrito@example.org
207,5,Luana Nunes,"Praia de da Conceicao, 20
Vila Santa Monica 2a Secao
27836105 Araujo / CE",81 0124 8519,liz69@example.com
208,5,Dr. Caua Novais,"Trevo Raul Cassiano, 21
Santa Cruz
90490-387 Novais Verde / AC",(041) 2475 5196,nogueiramatheus@example.com
209,5,Dr. Davi Mendonca,"Lago Barbosa, 743
Sao Francisco
32330-833 Cavalcante / PE",(084) 7461-2413,mayacasa-grande@example.org
210,5,Luara Pereira,"Condominio Marcos Vinicius Rios, 81
Santa Efigenia
42904837 da Luz do Norte / SE",0500 864 9055,nmartins@example.org
211,5,Maria Clara Peixoto,"Vereda de Caldeira, 8
Vila De Sa
76998893 Monteiro / BA",0800 662 0897,rsousa@example.com
212,5,Dr. Joao Pedro Farias,"Travessa Jose Pedro Moreira, 35
Vila Sao Gabriel
53761047 Sampaio de Goias / MT",(051) 9957 0911,lauraalbuquerque@example.net
213,5,Matteo Araujo,"Campo Leandro Barros, 79
Vila Maria
02350-065 Alves / PE",0900-230-4415,zsousa@example.net
214,5,Joao Pedro Pereira,"Alameda Aparecida, 581
Maravilha
66905733 Costela de Duarte / MT",0900 621 4171,casa-grandesara@example.org
215,5,Yan da Mota,"Trecho de Duarte, 2
Sao Bento
51018173 Aragao de Dias / AM",31 5250-5869,carolinecunha@example.org
216,5,Jade Dias,"Feira de Azevedo, 2
Vila Engenho Nogueira
11950-859 Jesus Verde / MA",+55 21 5595 4513,jandrade@example.net
217,5,Amanda Rodrigues,"Lago de Mendes, 10
Andiroba
81630053 Pinto de da Rocha / RN",51 9580 5046,wda-mota@example.com
218,5,Raquel Duarte,"Trecho Montenegro
Joao Alfredo
07818725 Novais de Sales / SE",(051) 7379-8749,brios@example.com
219,5,Melina Nascimento,"Via Carvalho, 30
Marmiteiros
28897095 Ferreira / ES",21 9159-1182,maria-aliceazevedo@example.com
220,5,Arthur Gabriel Pacheco,"Setor de Camara, 91
Sao Francisco
17336-916 Camara / SE",(071) 7606 2868,jcassiano@example.com
221,5,Murilo Almeida,"Viela de Vasconcelos, 71
Santa Cruz
20018152 Pastor / AC",11 2450-5629,lopesluiz-felipe@example.com
222,5,Maria Flor Duarte,"Fazenda de da Costa, 5
Anchieta
35378-259 da Conceicao / MS",(031) 1733-1110,henriqueduarte@example.com
223,5,Dom Oliveira,"Via de Cavalcanti, 50
Vila Sao Dimas
55436215 Viana / PI",(011) 5679-8401,vramos@example.com
224,5,Alicia da Rocha,"Recanto de Caldeira, 93
Nova Floresta
65305300 Andrade / RO",(031) 7059 8219,guerraheloisa@example.net
225,5,Vitor Gabriel Sa,"Feira de Casa Grande, 1
Guarani
58821133 Melo da Praia / GO",+55 41 6403-0597,pmendes@example.org
226,5,Jade Cassiano,"Esplanada Souza, 44
Trevo
16640-828 Castro do Campo / PI",(011) 2431 1441,cecilia07@example.net
227,5,Gael Jesus,"Chacara Erick Silveira, 4
Vila Sesc
79962-058 Castro Alegre / AM",0300 381 8730,manuellanunes@example.net
228,5,Dra. Bruna Vieira,"Passarela de Farias, 28
Piraja
20640607 da Paz / PE",+55 84 8343-6988,vitoria24@example.com
229,5,Isaque Novais,"Viela de Pires, 71
Araguaia
10122688 Porto do Amparo / BA",0500-813-9317,bellada-luz@example.net
230,5,Isabella Novais,"Vila Cunha
Vila Ipiranga
59833-556 Pacheco / MS",(084) 3951 0141,ana-vitoria29@example.org
231,5,Joao Lucas Oliveira,"Praia Costa, 38
Vera Cruz
94377-156 Ferreira / MA",(051) 2658-2013,fnovaes@example.com
232,5,Srta. Caroline Araujo,"Aeroporto Sofia Andrade, 98
Vila Formosa
35319-323 Pires / PI",+55 (051) 5520-1180,renanandrade@example.net
233,5,Nina Duarte,"Alameda de Pires, 500
Eymard
80429025 da Luz / MT",41 9868-6644,danilo71@example.com
234,5,Breno Dias,"Fazenda de Pinto
Santana Do Cafezal
59530-582 Oliveira / PB",(081) 2107-8497,santosdaniel@example.org
235,5,Samuel da Mata,"Patio Yasmin Ferreira, 6
Alta Tensao 2a Secao
56550-650 Brito / RO",+55 (071) 0044 8839,vpimenta@example.com
236,5,Ana Cecilia Duarte,"Colonia de Porto, 6
Xodo-Marize
11523-788 Nascimento / AC",(021) 9170-8620,caldeiraisaque@example.org
237,5,Eloa Jesus,"Lagoa Marcelo Cassiano, 81
Santa Isabel
58989804 Goncalves da Mata / PI",(041) 2458-7506,alvestheo@example.net
238,5,Kaique Lima,"Praia Maria Vitoria Abreu, 9
Boa Uniao 1a Secao
49439-448 Souza / AM",84 5755-6015,arthurpinto@example.com
239,5,Sra. Luisa Teixeira,"Feira de Costela, 221
Cabana Do Pai Tomas
62419778 Garcia / PI",(031) 2127 1691,danteda-cunha@example.org
240,5,Isis Fogaca,"Nucleo Mendes, 65
Calafate
73989711 Freitas Alegre / ES",0900-043-3066,ngarcia@example.net
241,5,Luiza Campos,"Loteamento Sara Barros, 13
Parque Sao Pedro
78970315 Barbosa de da Cunha / GO",0300-530-1196,mendoncadaniela@example.org
242,5,Dr. Lucas Gabriel Pires,"Trecho Rafaela Moraes
Diamante
03348816 Nascimento das Pedras / ES",+55 (031) 5783 1357,leaojose@example.net
243,5,Maria Isis Aparecida,"Chacara Nunes
Novo Gloria
44732-728 Vieira / MG",+55 (041) 0103-4450,giovannaalves@example.org
244,5,Murilo Pastor,"Lago de Barros, 87
Vila Aeroporto Jaragua
22622726 Camara de Goias / SP",(084) 6355-0103,sabrina08@example.com
245,5,Pedro Henrique Viana,"Alameda Yasmin Camara, 190
Indaia
46110819 Abreu de Novais / AL",+55 (051) 2529 6676,nabreu@example.com
246,5,Theo Souza,"Trecho Breno Araujo
Horto Florestal
71994056 Moreira de da Paz / GO",51 3163 9148,agoncalves@example.com
247,5,Alice Moura,"Estrada da Mata, 115
Vila Nova
32488896 Pereira Paulista / RO",+55 81 9239 3690,ramosmaria-alice@example.com
248,5,Dr. Mateus Vargas,"Rua Pedro Henrique Garcia, 740
Conego Pinheiro 1a Secao
23606051 Brito do Campo / AM",+55 (084) 3508 6575,da-motaana-luiza@example.net
249,5,Maya Nogueira,"Viaduto Joao Guilherme Moreira, 71
Pirineus
53122246 Almeida / SP",61 6063 8049,fgoncalves@example.net
250,5,Mariana da Rocha,"Campo Casa Grande, 23
Guarani
90310023 Alves / CE",21 8389-4117,duartematteo@example.com
251,6,Anthony Gabriel Costa,"Viaduto Gustavo Henrique Nunes, 956
Colegio Batista
48207538 Lima da Mata / AL",+55 (081) 9172 0797,da-costalivia@example.org
252,6,Olivia Moura,"Rua de Castro
Pindura Saia
68841062 Nascimento do Campo / PA",0300 396 0567,zgarcia@example.org
253,6,Sr. Joaquim Barros,"Favela de Novais
Grotinha
41061-730 Rios / GO",51 0511 5636,ribeiropedro-miguel@example.com
254,6,Josue da Conceicao,"Trevo Luiza Campos, 66
Cenaculo
58062-226 Garcia / RO",21 5399-6089,guerrathomas@example.net
255,6,Maria Luisa Almeida,"Setor Brayan das Neves, 19
Petropolis
84430-744 Nunes dos Dourados / PB",(031) 6928-1586,isadora79@example.com
256,6,Maria Vitoria Dias,"Avenida de Oliveira, 16
Conjunto Floramar
53863801 Carvalho das Flores / SC",31 8280 2897,da-cruzjoao-felipe@example.org
257,6,Stella Cassiano,"Alameda de Melo, 98
Sao Goncalo
92131438 Fogaca / SE",(031) 4984 6398,qcarvalho@example.net
258,6,Olivia Rocha,"Ladeira de Silveira, 50
Conjunto Taquaril
14964341 Duarte Verde / SC",0500-274-0809,heitormoraes@example.net
259,6,Maria Julia Alves,"Viaduto Goncalves, 59
Sao Benedito
86659449 Nunes dos Dourados / RN",0300 212 1592,leaomarcos-vinicius@example.net
260,6,Caroline Garcia,"Avenida Aparecida, 5
Vera Cruz
00523-756 Alves / RN",+55 (061) 5276-2059,novaesisabelly@example.com
261,6,Ana Carolina Garcia,"Vale Jesus, 7
Vila Maloca
94634593 Montenegro / SE",+55 61 4946-2204,zbarros@example.org
262,6,Rebeca Lima,"Favela Ryan Ribeiro, 85
Sao Salvador
30510-637 Jesus / AC",(071) 6276 1872,mateus75@example.net
263,6,Francisco Casa Grande,"Loteamento Leandro Mendes, 617
Universitario
70738165 da Paz / PE",+55 51 2221 8277,novaissophie@example.org
264,6,Jose Moura,"Feira de Vasconcelos, 15
Prado
41769533 Macedo do Campo / RO",+55 (084) 3907-7325,machadoeloah@example.com
265,6,Agatha Freitas,"Loteamento das Neves
Sport Club
45901-525 Araujo de da Cunha / SP",(084) 3350 4280,paulo59@example.com
266,6,Sra. Rafaela da Paz,"Travessa de Sales
Santa Rita De Cassia
04696104 Castro / PB",(071) 1036 7077,abreuisaac@example.net
267,6,Barbara Albuquerque,"Estacao Maya Dias, 65
Novo Das Industrias
38699-896 Nunes / PB",+55 81 3060-7740,ana-carolinamendes@example.org
268,6,Nina Novaes,"Lago Cunha
Vila Santa Monica 2a Secao
99935-970 Albuquerque dos Dourados / PI",31 2543-0588,silvamaria-liz@example.org
269,6,Sophia Brito,"Sitio Cirino, 63
Vila Boa Vista
02585-295 Fogaca / MT",(031) 8016 8827,novaisvalentim@example.org
270,6,Caroline Albuquerque,"Viela Mendonca, 286
Mala E Cuia
70572-397 Sousa Paulista / SE",+55 84 0253-4674,ana-carolina61@example.org
271,6,Luiz Henrique Rios,"Largo de Aparecida, 31
Biquinhas
63748-802 Costa / TO",(041) 7160 0183,maria-luisarodrigues@example.net
272,6,Raul Novaes,"Vila de Dias, 35
Vila Da Amizade
77945173 Duarte Verde / MA",+55 (061) 4488-4743,olivia95@example.net
273,6,Gustavo Brito,"Estrada de Rezende, 28
Heliopolis
13188059 da Cunha de Nogueira / TO",+55 (011) 3932 4849,gomesravy@example.net
274,6,Davi Miguel Campos,"Lago Vitor Hugo das Neves, 78
Prado
40043144 Silveira / PB",(061) 1809-8837,caio49@example.net
275,6,Brenda Rios,"Patio de Cavalcante
Mineirao
80850-335 Aparecida de Rezende / CE",0900 690 7778,vianaemanuel@example.com
276,6,Yuri Pires,"Vila Vitor Gabriel Goncalves, 547
Nova Pampulha
06235-177 Sampaio / RR",51 7364 9272,manuelanogueira@example.org
277,6,Alexia Freitas,"Chacara de Cunha, 54
Inconfidencia
33792395 Monteiro / AL",+55 (071) 7652 6632,novaisesther@example.com
278,6,Juan Mendonca,"Viela de Albuquerque, 66
Serra Verde
43840-832 Pires da Prata / PI",(011) 8673 4423,almeidahenrique@example.com
279,6,Marcelo Campos,"Nucleo Heloisa Santos
Vila Do Pombal
39955942 Campos Alegre / MS",61 3458-7862,martinsmaria-julia@example.net
280,6,Dr. Pedro Henrique Andrade,"Nucleo de Peixoto, 2
Primeiro De Maio
41944-827 Sousa de Caldeira / RS",+55 11 9282-8832,caio42@example.org
281,6,Caua Pimenta,"Setor Novaes, 420
Fazendinha
57617-041 Ribeiro / GO",+55 (031) 3254 8060,biancajesus@example.net
282,6,Sr. Pedro Lucas da Paz,"Area Pimenta
Novo Gloria
92512237 Camara / PI",(071) 6396 1221,vasconcelosjosue@example.com
283,6,Sr. Pedro Sousa,"Travessa Cavalcante
Fernao Dias
22645162 da Conceicao / AL",+55 (041) 8048-1003,pietro38@example.org
284,6,Arthur Gabriel Garcia,"Parque Aragao, 3
Alto Dos Pinheiros
61419-547 Monteiro / SC",+55 (081) 8744 1021,maria55@example.org
285,6,Pedro Henrique da Rosa,"Parque Teixeira, 42
Urca
13469-998 Borges do Norte / MT",+55 (071) 3902 3432,rporto@example.net
286,6,Dante da Cunha,"Viaduto de da Rocha, 46
Sao Tomaz
93002-381 Mendes / MS",(071) 4523-3185,gteixeira@example.com
287,6,Ana Liz Guerra,"Alameda de Alves, 34
Vila Santo Antonio
95532-321 Souza / GO",(031) 0928 8203,kevinfernandes@example.com
288,6,Agatha Sa,"Estrada Alves, 87
Ademar Maldonado
87146-850 das Neves / TO",+55 (011) 8498-4238,garciaagatha@example.net
289,6,Gael Gomes,"Aeroporto Kaique Souza, 33
Vila Nova Gameleira 3a Secao
17176-660 Siqueira da Serra / RR",+55 21 7713 9678,lorenzo34@example.com
290,6,Isis Vieira,"Largo Siqueira, 2
Sao Tomaz
11631-211 Castro do Campo / AL",71 8510-0911,arthur-gabrielfernandes@example.net
291,6,Thales Machado,"Rua Luara Mendes, 857
Belmonte
30440-402 Azevedo / ES",+55 (041) 0556-2849,emilly74@example.com
292,6,Ana Cecilia Abreu,"Loteamento de Nascimento, 9
Sao Cristovao
34387351 Goncalves / GO",0900-943-5574,da-costaluigi@example.com
293,6,Mateus da Rosa,"Passarela Costa
Mariano De Abreu
46789-099 Farias / RR",21 8773 1886,benicio72@example.org
294,6,Davi Lucca Porto,"Praia de Sa, 6
Araguaia
83308816 Pimenta da Prata / SC",0900-153-9504,gaelda-mata@example.org
295,6,Eloah Oliveira,"Conjunto Erick Cunha, 684
Olhos D'agua
45432585 Fonseca / ES",+55 81 4094-8444,cunhahenry-gabriel@example.org
296,6,Luiza Cirino,"Rua Gomes, 86
Havai
20151-424 Silva de Caldeira / GO",(061) 0497-7754,davi-luiz74@example.org
297,6,Benjamim Cavalcante,"Residencial Moreira, 91
Flavio Marques Lisboa
39198107 Azevedo do Campo / RS",61 7120 0835,mayamoreira@example.org
298,6,Maria Sophia da Mata,"Viela Maite Oliveira
Vila Nova
75746505 Castro / PB",31 4127-4216,sda-mata@example.net
299,6,Nicolas Sampaio,"Esplanada Isabelly Barros, 66
Monte Azul
01283177 Silveira / RJ",+55 (031) 8291-6322,eloah93@example.org
300,6,Esther Fonseca,"Lago de da Paz, 857
Canada
18409072 Correia / PE",(041) 7444 6042,aparecidaigor@example.com
301,7,Samuel Garcia,"Parque Francisco Campos, 292
Sao Sebastiao
53899565 Pacheco dos Dourados / DF",+55 51 8408 3091,apolloda-mata@example.net
302,7,Ana Vasconcelos,"Distrito da Costa, 682
Maria Tereza
69065-667 Castro / MG",(041) 3655-5679,ana64@example.org
303,7,Antonio Caldeira,"Recanto de Oliveira, 818
Conjunto Jatoba
83218041 da Costa de Brito / AP",(061) 0441 5208,sampaiolaura@example.net
304,7,Yasmin Martins,"Vila de Barros, 66
Piratininga
95092669 Abreu / SE",(051) 8645 0102,dcunha@example.org
305,7,Heloisa Costela,"Loteamento Cassiano
Parque Sao Pedro
01504-728 da Luz / RO",51 4698 3955,frodrigues@example.org
306,7,Maysa Vieira,"Aeroporto Rocha, 99
Joao Pinheiro
29063-442 Macedo de Vasconcelos / ES",(021) 2736-1545,mateusrios@example.org
307,7,Dr. Gael Pereira,"Estrada Larissa Lopes, 35
Boa Uniao 2a Secao
83391-511 Caldeira / PB",(041) 6813 3369,ycasa-grande@example.net
308,7,Felipe Pacheco,"Travessa Garcia, 1
Vila Da Aria
44777306 Andrade do Oeste / SE",+55 84 3612-4004,xnovaes@example.org
309,7,Kevin Farias,"Lagoa de Cassiano, 713
Flavio Marques Lisboa
89058863 da Cruz dos Dourados / SE",51 4010 7952,lunna38@example.net
310,7,Lorena Rocha,"Esplanada Luisa Pimenta, 479
Vila Ipiranga
02528209 Siqueira / AL",(051) 7563 3288,cavalcanteluiz-henrique@example.org
311,7,Clarice Fernandes,"Estacao Nathan Mendonca, 63
Vista Do Sol
05953260 da Cruz / RR",(084) 7871 3108,joao-pedro30@example.com
312,7,Isaac Fogaca,"Chacara Azevedo, 1
Sao Salvador
95832184 Lima / PI",71 9538 0870,freitaspedro@example.net
313,7,Lorenzo das Neves,"Trevo Viana, 4
Varzea Da Palma
06069193 Marques / RJ",+55 (051) 4006 2363,maria-isis32@example.org
314,7,Gustavo Henrique Dias,"Distrito de Almeida, 1
Indaia
04722-022 Cassiano / MS",(031) 4150-6903,cecilia64@example.net
315,7,Ana Cirino,"Colonia Giovanna Pinto, 28
Milionario
68325298 Brito do Norte / BA",+55 21 5002-2566,mendoncamathias@example.net
316,7,Nathan Alves,"Vereda de Ribeiro, 2
Virginia
11267446 Lima das Pedras / AM",(071) 1318 4973,vitor-gabrielda-paz@example.com
317,7,Vitoria Rodrigues,"Patio de da Mota, 3
Ceu Azul
17724707 Almeida dos Dourados / BA",11 9954-8044,ecarvalho@example.org
318,7,Luisa Moura,"Praca de da Paz, 68
Savassi
34877-363 Cunha / PI",21 8715-2290,vitor-gabriel51@example.org
319,7,Patrick Diorio,"Estrada Machado, 34
Alto Vera Cruz
71976861 Aragao / SP",41 4913 3199,oliviarezende@example.org
320,7,Clarice Aparecida,"Estacao de Lopes, 6
Monte Azul
28871-350 Machado dos Dourados / PB",0300 764 9792,isissilveira@example.com
321,7,Matheus Pastor,"Vale de Guerra, 5
Vitoria Da Conquista
12299813 da Luz de Goias / SP",0900-145-0576,zoesantos@example.org
322,7,Henry Gabriel Novaes,"Conjunto de Nunes
Vila Da Luz
72249-736 Gomes Grande / DF",+55 (021) 2135 5395,xleao@example.com
323,7,Dra. Maria Sa,"Trevo Azevedo, 678
Granja De Freitas
57033397 Pinto / MS",+55 71 7298-2519,manuela04@example.org
324,7,Fernanda Duarte,"Recanto Luan Novais, 29
Camargos
60062-504 Camargo / MG",(051) 7864-4267,rezendeisis@example.com
325,7,Sra. Antonella Goncalves,"Rua de Leao
Padre Eustaquio
81685125 Brito da Serra / RJ",(021) 8938 9098,luizada-paz@example.org
326,7,Dra. Maite da Costa,"Vila de Farias
Novo Aarao Reis
86088680 Pastor do Oeste / PR",0900-058-3559,camarasabrina@example.com
327,7,Sra. Vitoria Ribeiro,"Via Elisa Cassiano, 35
Cachoeirinha
41571532 Lima do Galho / CE",(071) 6248 3950,maria-julia35@example.com
328,7,Dante da Costa,"Rodovia Sales, 380
Pantanal
40382-124 Alves / PA",61 9699-4672,ian22@example.com
329,7,Sra. Stella Correia,"Via Ravy Almeida, 97
Nova Suica
89051-531 Pereira de das Neves / BA",(081) 8848 2159,ribeiroalicia@example.com
330,7,Luana Sa,"Vereda de Costela, 87
Carlos Prates
63474877 Castro / SP",21 0972-4903,claraaparecida@example.org
331,7,Vitor Carvalho,"Trecho Macedo, 6
Minaslandia
13516-285 Brito / ES",(011) 2172-0696,isabelamelo@example.net
332,7,Srta. Maria Eduarda da Conceicao,"Viela Costa, 551
Vila Petropolis
88400-390 da Paz / AM",(041) 2396-6138,mendoncaana-clara@example.net
333,7,Davi Luiz Alves,"Loteamento de Nascimento, 248
Nazare
93940984 Mendes / AC",+55 (051) 7137 2086,fonsecamariane@example.com
334,7,Amanda Correia,"Rodovia de Almeida, 56
Sao Jorge 2a Secao
96969319 Aragao / TO",0800 204 7721,agatha21@example.org
335,7,Sara Campos,"Lagoa Jesus, 9
Prado
92962108 Andrade de Minas / RS",61 4270-5257,noah76@example.com
336,7,Dra. Valentina Fonseca,"Sitio de Peixoto, 71
Maravilha
42634-823 Aparecida / MS",+55 (021) 0392 0638,wazevedo@example.com
337,7,Maria Flor Lima,"Campo Joana das Neves, 28
Vila Paqueta
37086-396 Duarte de Porto / CE",(061) 9105-4868,rrocha@example.net
338,7,Isabelly Almeida,"Favela de da Paz, 22
Oeste
41042070 Barros / SE",0800 806 3492,zcosta@example.com
339,7,Ana Cecilia Melo,"Largo Pimenta, 2
Vila Boa Vista
63872-029 Moraes / RS",(051) 4303-8583,ana-juliacaldeira@example.com
340,7,Melina Silveira,"Vale de Castro, 3
Calafate
80179-166 Moraes da Serra / PB",21 4396 9462,oliver03@example.net
341,7,Sr. Erick Campos,"Vila Luana Castro, 32
Bonsucesso
38559-031 da Cruz / RS",+55 (071) 2562-8242,portoantonella@example.com
342,7,Daniela Camargo,"Area de Almeida, 8
Camponesa 1a Secao
88016-573 Dias das Pedras / PB",0900-891-1585,wrodrigues@example.com
343,7,Jose Barbosa,"Ladeira Enzo Gabriel Sampaio, 49
Vila Madre Gertrudes 2a Secao
12275242 Duarte / RJ",+55 61 9865 1047,kamillyleao@example.com
344,7,Laura da Paz,"Campo Sofia Ramos, 97
Sao Jorge 3a Secao
61651417 Vieira Verde / AP",84 6369 2956,vitor-hugopastor@example.com
345,7,Luiz Miguel Rodrigues,"Rua da Rocha, 812
Sao Jorge 1a Secao
83491-984 Garcia / AM",21 7936 9042,barbosahellena@example.net
346,7,Srta. Beatriz Mendes,"Colonia Peixoto, 77
Minaslandia
29433634 da Cunha / PA",+55 (081) 1220-1661,uvieira@example.net
347,7,Matheus Cardoso,"Ladeira Nascimento, 189
Olhos D'agua
03314-865 Mendonca da Mata / MG",41 1826 1270,ysilva@example.org
348,7,Thales Lima,"Estacao Nina Pastor, 12
Vila Satelite
09458-304 Peixoto Verde / CE",(021) 4861-4287,claraferreira@example.net
349,7,Erick Cavalcante,"Praia Pimenta, 6
Aarao Reis
85735787 Carvalho / PI",0500 745 6143,svasconcelos@example.net
350,7,Marcos Vinicius da Mota,"Vila Bianca Viana, 693
Novo Aarao Reis
79319-259 Rodrigues / BA",11 6377 0676,salesluisa@example.net
351,8,Srta. Olivia Macedo,"Quadra de Rocha
Unidas
58215005 Azevedo / PB",(051) 2066-1189,zpires@example.org
352,8,Ana Sophia Pereira,"Estrada de Araujo
California
44470276 da Mota / TO",0800-951-3140,tpeixoto@example.net
353,8,Maria Laura Gomes,"Praia Melo, 66
Parque Sao Pedro
57554531 Oliveira / AP",(084) 4653-8983,pedro-henrique24@example.com
354,8,Marcelo Aparecida,"Viaduto de Costa, 40
Vila Ecologica
47540-034 Ribeiro do Sul / BA",0500-023-0963,leaorodrigo@example.com
355,8,Marcelo Garcia,"Vila Cassiano, 67
Conjunto Celso Machado
34696-125 Siqueira / RS",(061) 5973-3750,silveiramaria-isis@example.com
356,8,Jose Dias,"Praca da Luz, 58
Tiradentes
41792390 Borges do Sul / PI",(021) 5618 7772,maria-luisa05@example.com
357,8,Maria Clara da Cunha,"Rodovia de Porto, 17
Bacurau
30864349 Carvalho Verde / PE",(011) 8070-7870,oliver40@example.net
358,8,Ravy Sampaio,"Campo de Souza, 25
Pompeia
74055223 Carvalho do Oeste / GO",51 3945 9910,almeidaenzo-gabriel@example.org
359,8,Ana Vitoria Camara,"Sitio Vitor Hugo Pinto, 31
Vila Nova Cachoeirinha 1a Secao
52008-323 Borges / PR",+55 21 5234 2910,ana-livia97@example.net
360,8,Leticia Sousa,"Praca de Porto, 13
Barao Homem De Melo 1a Secao
59838757 Andrade de Pacheco / CE",(084) 4212 3215,piresjoaquim@example.org
361,8,Maria Flor Viana,"Aeroporto Lunna Nascimento, 744
Jonas Veiga
30769451 Rodrigues de Duarte / PR",+55 (084) 5273-5662,luiz-gustavoribeiro@example.com
362,8,Sr. Theo Lima,"Vereda de Fogaca, 1
Conjunto California I
04490896 Caldeira / AP",+55 (031) 3279 8541,usilveira@example.com
363,8,Maria Isis Marques,"Campo de Pastor, 17
Silveira
47551758 Fernandes / CE",71 8196 5549,vargasana-carolina@example.net
364,8,Matheus Pereira,"Travessa de Vieira, 564
Vila Jardim Sao Jose
34184292 Ramos / AP",+55 51 4192 2366,rhavi74@example.net
365,8,Ana Sophia Rodrigues,"Feira Cavalcante, 9
Vila Sesc
34735020 Gomes do Sul / RN",84 5033 7198,evelyn58@example.org
366,8,Danilo Teixeira,"Jardim Ian Campos, 56
Serra Verde
36378104 Almeida / BA",+55 (081) 7263 7524,aurora26@example.org
367,8,Fernanda Peixoto,"Residencial de Novaes, 5
Vila Paqueta
18740577 Machado Paulista / RS",+55 (061) 0358-7427,monteiroluiz-otavio@example.net
368,8,Vitor Gabriel Macedo,"Area Freitas, 36
Camargos
23834-921 Nogueira do Oeste / PI",81 1136 7594,otaviorezende@example.org
369,8,Beatriz Fernandes,"Largo Sampaio, 513
Vila Pinho
50969119 Souza / AL",(061) 2251-0432,thalescamargo@example.org
370,8,Joao Pedro Lima,"Condominio de Casa Grande, 8
Castelo
73029-346 da Rocha / PE",41 7398-0315,joao-felipe01@example.org
371,8,Sophia Albuquerque,"Via Ramos, 27
Maria Tereza
26905543 Leao / BA",71 8473-1386,xpastor@example.org
372,8,Lais Pires,"Trecho Sa
Braunas
52164412 Porto / PB",(081) 9403-5935,dfernandes@example.net
373,8,Ana Liz Siqueira,"Condominio Renan da Rosa, 55
Cdi Jatoba
86260935 Vargas do Sul / AC",+55 11 1204-1902,azevedodavi-lucas@example.com
374,8,Luisa Cirino,"Ladeira de Cavalcante, 63
Coracao Eucaristico
66774331 Alves do Oeste / GO",(041) 0987 8768,da-motamaria-eduarda@example.com
375,8,Alexandre Garcia,"Praia Rodrigues, 67
Tupi A
55252-376 da Luz / AL",+55 (031) 9214-5890,theodoroaparecida@example.net
376,8,Raul Borges,"Viaduto de Nascimento
Santa Isabel
40492649 Casa Grande / BA",0800 487 4910,pedro-lucas24@example.com
377,8,Ana Liz da Rocha,"Lagoa Nathan Fernandes, 67
Palmares
46759-858 Almeida do Amparo / GO",(021) 8029-1921,fariasvitor@example.net
378,8,Ana Luiza Caldeira,"Largo Leticia Leao, 29
Maria Helena
73386146 Gomes de Martins / AM",+55 (084) 1076-2622,cecilia38@example.com
379,8,Maria Eduarda Macedo,"Rodovia Antony Ramos, 252
Nossa Senhora De Fatima
82159-252 Ribeiro / TO",21 2245-7144,barrosmaria-helena@example.org
380,8,Ayla Cirino,"Vila de Silva
Distrito Industrial Do Jatoba
83969770 Cavalcante de Macedo / RN",+55 31 7394 2423,nascimentoyan@example.org
381,8,Andre da Luz,"Jardim de Castro, 48
Sao Benedito
88895638 Brito / MS",(061) 2989-2917,caualeao@example.org
382,8,Isabelly Vargas,"Parque de Abreu, 95
Paulo Vi
83880665 Costa do Norte / RR",+55 51 8034 5520,biancamoreira@example.com
383,8,Milena Monteiro,"Recanto Araujo, 107
Granja Werneck
14379-134 da Conceicao do Oeste / RJ",+55 51 4483 5372,joao-vitorsilva@example.org
384,8,Kamilly Duarte,"Residencial de Almeida
Maria Tereza
01011-882 Ribeiro de da Cunha / PR",+55 (031) 4347-9193,zramos@example.com
385,8,Alicia Vargas,"Favela de Nascimento, 563
Vila Paris
46182068 Oliveira do Norte / CE",0800-429-2110,azevedomaria-sophia@example.com
386,8,Luigi Siqueira,"Largo Fernandes, 35
Conjunto Jatoba
41722-900 Melo do Galho / SE",71 8516 4725,carvalhojoao@example.org
387,8,Davi Miguel Nunes,"Trecho Duarte, 52
Nossa Senhora De Fatima
05157-889 Andrade Alegre / AM",+55 (041) 1738-9871,usa@example.org
388,8,Natalia Cassiano,"Quadra de Costa, 80
Santa Helena
23151-510 da Conceicao / TO",+55 (061) 2424-6184,zfarias@example.net
389,8,Maria Laura Carvalho,"Avenida Cirino, 406
Maravilha
68365536 Barros do Norte / RS",+55 81 4755-5122,aylla96@example.net
390,8,Dr. Guilherme Siqueira,"Vereda Mendes, 5
Diamante
57310760 Nogueira / SC",51 5817 6361,vicentejesus@example.com
391,8,Ana Clara Nascimento,"Chacara Raul Mendes, 379
Cdi Jatoba
86593538 da Cunha / SP",0500 245 2100,luiz-gustavocunha@example.net
392,8,Valentina Cardoso,"Travessa de Albuquerque, 958
Conjunto Santa Maria
15898059 Abreu Alegre / DF",(071) 9742-9757,icardoso@example.net
393,8,Emanuelly Silveira,"Jardim Nina Moreira
Cardoso
26148-938 Costa do Campo / BA",+55 81 1073-8817,ravi42@example.org
394,8,Dra. Heloisa Peixoto,"Chacara Mendes, 98
Minaslandia
13196-617 Ramos / ES",+55 (061) 0236-7673,eduardoda-paz@example.net
395,8,Esther Cassiano,"Sitio Marcela Brito, 8
Santa Rita De Cassia
68446-333 Almeida Alegre / PR",0800 755 7623,lopescecilia@example.net
396,8,Oliver da Mata,"Campo Larissa da Rocha, 8
Novo Tupi
73945382 Novais / SE",71 0371-8464,eduardo36@example.com
397,8,Raul Pires,"Avenida de Lima, 66
Esplanada
16310-761 da Cunha do Amparo / MT",0500-882-0571,sousafrancisco@example.net
398,8,Giovanna Martins,"Avenida Gomes, 55
Jardim Montanhes
43825-496 da Mota / PI",+55 (084) 5835 8164,xcunha@example.com
399,8,Catarina Silveira,"Patio de Goncalves, 96
Juliana
05592770 Martins do Norte / PI",0300 618 1175,livia81@example.net
400,8,Joao Vitor Machado,"Alameda de Barros, 53
Satelite
30949491 Sales / RO",+55 51 2861 5227,almeidabreno@example.com
401,9,Ana Luiza Barros,"Travessa Juliana Goncalves, 34
Cabana Do Pai Tomas
60547344 Oliveira / BA",71 7400-8406,vinicius75@example.com
402,9,Maria Flor Nunes,"Setor Souza, 7
Bairro Das Industrias Ii
34978506 Siqueira / RJ",(081) 1353 7708,cunhaemanuel@example.org
403,9,Vitoria Pimenta,"Avenida Anna Liz Sales, 78
Mangabeiras
75712304 Pires / AL",81 4954-8101,alanamontenegro@example.com
404,9,Maite Sampaio,"Trecho Ramos, 463
Conjunto Floramar
84077-990 Camargo das Pedras / RN",+55 (031) 9905 5066,aparecidarael@example.net
405,9,Elisa Melo,"Estrada Brayan Abreu, 52
Pindorama
51183199 Fonseca / PI",(031) 8096-9115,goncalvesvitor-hugo@example.org
406,9,Sr. Apollo Fogaca,"Rodovia de Costa, 65
Vila Madre Gertrudes 2a Secao
18243-633 da Luz Alegre / DF",+55 (041) 8566 2900,caldeiraapollo@example.org
407,9,Bruna Rezende,"Estacao Milena Campos, 48
Candelaria
15007-537 da Paz / MG",+55 61 6135-6755,hda-rosa@example.com
408,9,Enrico Macedo,"Morro Cirino, 55
Suzana
81565601 Correia / AC",61 9845-2907,anthony-gabriel51@example.com
409,9,Isaque Nascimento,"Area Dias, 36
Vila Ouro Minas
10683951 Vargas de Minas / GO",41 2201 2750,liviamoreira@example.net
410,9,Ana Clara Castro,"Quadra de Abreu, 599
Sao Goncalo
50264-587 Alves / MA",81 2362 0824,vitormonteiro@example.org
411,9,Maria Clara Macedo,"Feira Dom Correia, 97
Vila Piratininga
01345144 Carvalho da Serra / MA",81 2121-4741,cirinoana@example.net
412,9,Gabriel Sa,"Patio Gael Henrique Brito, 567
Ouro Minas
75275238 Pires / BA",(031) 1958-3229,valentinavargas@example.org
413,9,Isaque Costela,"Colonia de Cassiano, 99
Novo Das Industrias
28621934 Peixoto / MA",(061) 8537 5068,mariamoreira@example.com
414,9,Ana Lopes,"Distrito Siqueira, 1
Betania
95931065 Sampaio / ES",21 7279 2605,hda-cunha@example.net
415,9,Maria Eduarda Lima,"Fazenda de Sales, 453
Vale Do Jatoba
77347039 Mendonca / AC",(041) 2093-4420,qramos@example.org
416,9,Dr. Anthony Camargo,"Campo Mendes, 72
Calafate
94913612 Borges de Pinto / MS",+55 (031) 5506 4573,asales@example.net
417,9,Maria Isis Peixoto,"Lago de Aparecida, 82
Vila Madre Gertrudes 4a Secao
87842-695 Moura do Galho / SC",+55 61 5664 0921,ssousa@example.com
418,9,Liam da Mata,"Favela de Silva, 8
Coracao Eucaristico
55018-399 Albuquerque dos Dourados / BA",+55 (011) 4855-8486,yan93@example.net
419,9,Laura da Paz,"Estacao Melo, 94
Bonfim
23770-050 da Cruz / RN",(061) 0585-3717,gomespietro@example.org
420,9,Eloa Freitas,"Residencial da Paz, 64
Nova Floresta
17621333 Vasconcelos de Novais / GO",51 5092 8220,luigi08@example.net
421,9,Dr. Rodrigo Fogaca,"Vereda Goncalves, 7
Cabana Do Pai Tomas
70102-254 Barbosa / RS",+55 21 1675-1116,trios@example.com
422,9,Sr. Ravi Lucca da Costa,"Chacara de Campos, 539
Beija Flor
30191996 Cassiano do Sul / GO",(061) 6916-8558,calebeguerra@example.net
423,9,Srta. Maria Flor Jesus,"Estrada Hellena da Paz, 38
Ademar Maldonado
60844-294 Lopes dos Dourados / GO",71 7242 2348,vcosta@example.org
424,9,Kamilly Pimenta,"Praia Cunha, 4
Sao Bento
95034-052 Monteiro de Minas / AM",(061) 4937 9790,aaraujo@example.com
425,9,Rafael Campos,"Sitio de Mendonca, 51
Vila Real 1a Secao
49594560 Novais / SE",+55 (021) 0677 8170,rafaela98@example.net
426,9,Leo Freitas,"Area Sa, 76
Vila Paraiso
84798-346 Gomes do Norte / MS",+55 (031) 4039 5472,henry98@example.com
427,9,Lorenzo Almeida,"Praca Marcelo Pastor, 15
Santa Helena
22709071 Pimenta / SP",71 1167 7269,juliaazevedo@example.org
428,9,Ana Luiza Araujo,"Feira de das Neves
Belmonte
75062655 da Cunha de Albuquerque / CE",(071) 6517-2779,pduarte@example.com
429,9,Dra. Daniela da Cunha,"Residencial Dante Moreira, 977
Palmeiras
05429-924 Pimenta de Cavalcanti / CE",(051) 4301 6830,xcunha@example.org
430,9,Dr. Lucca Freitas,"Travessa da Cunha, 61
Vila Nova
54428-132 Melo das Pedras / PB",61 5043-3613,cirinomaria-cecilia@example.org
431,9,Antony Leao,"Setor Matteo Garcia, 9
Teixeira Dias
57754-294 Peixoto / MT",(061) 5529 7829,jabreu@example.com
432,9,Enzo Gabriel Monteiro,"Avenida da Cruz
Nossa Senhora Aparecida
73034581 da Costa / ES",0900-775-2392,maria-claracamara@example.net
433,9,Maria Vitoria Rezende,"Fazenda de Azevedo, 302
Buraco Quente
48870905 Jesus / SC",11 0837-8145,bernardomendonca@example.com
434,9,Antonio da Paz,"Chacara de da Conceicao
Frei Leopoldo
44550726 Nogueira / AP",+55 (051) 2923 6454,eda-rocha@example.com
435,9,Kaique Fogaca,"Sitio Maria Helena Barbosa
Bacurau
45986-770 Brito da Mata / RS",84 6320-8704,gabriellymonteiro@example.com
436,9,Ryan Guerra,"Alameda de Costela, 74
Tiradentes
28073027 Camargo / AL",41 3534 0451,ravifogaca@example.net
437,9,Bruno Nascimento,"Largo Barros, 24
Conjunto Lagoa
81363-909 da Costa da Serra / TO",84 0704 0606,paparecida@example.net
438,9,Lara Casa Grande,"Estrada Lunna Duarte, 48
Vila Nova Gameleira 2a Secao
09385575 da Mota / RN",(061) 0040 2402,araujoaylla@example.org
439,9,Ana Liz da Cruz,"Quadra de da Mota, 99
Frei Leopoldo
93965-422 Machado de Garcia / PB",+55 (081) 9726-8883,fariasmaria-helena@example.com
440,9,Maria Alice Mendes,"Aeroporto Pietro Rodrigues
Conjunto Floramar
55999-218 Dias do Amparo / AC",0900 465 9234,fmelo@example.com
441,9,Sra. Sophie Oliveira,"Praia de Santos, 99
Sao Jorge 2a Secao
43010404 Sales / MS",+55 71 4079-8951,salesbento@example.com
442,9,Otavio Sampaio,"Vale Santos, 84
Vitoria Da Conquista
00208767 Sa / AP",+55 (061) 6659 5971,apollo31@example.com
443,9,Stella da Rosa,"Praca Stephany da Cunha, 55
Santo Andre
88234-865 Sousa / AP",+55 (084) 9754 3077,viniciusmontenegro@example.net
444,9,Kaique da Conceicao,"Vereda de Borges, 20
Dom Cabral
12572302 Vasconcelos / MT",(071) 3103-2519,otavio08@example.net
445,9,Sophie Novaes,"Trevo da Luz, 75
Centro
16255-946 Siqueira Verde / PR",0800 088 4555,diasana-julia@example.org
446,9,Pedro Lucas Viana,"Praia Kevin Pereira, 15
Alto Das Antenas
44608-714 Lima / RO",51 6562 7608,ana-julialopes@example.net
447,9,Noah Ferreira,"Trevo Sampaio, 2
Canada
42779-560 Pires / RS",0800-120-9875,joanaaparecida@example.com
448,9,Ana Livia Novais,"Vila Hellena Araujo, 30
Indaia
81588-787 Oliveira / AC",(011) 6361 3480,qmartins@example.com
449,9,Manuella Machado,"Estacao de Siqueira, 80
Concordia
08912430 Fonseca da Praia / CE",(031) 0021 1902,ravi02@example.net
450,9,Luara Dias,"Quadra de Souza, 79
Comiteco
69184-191 Freitas / SE",(061) 0511 1303,milena16@example.org
451,10,Dra. Ana Beatriz da Luz,"Avenida de Melo, 429
Ipiranga
02724669 Lima de Rocha / DF",+55 (021) 6097-7424,pmendes@example.org
452,10,Lorena da Cruz,"Trecho de Araujo, 39
Canada
54133-481 Castro / RS",0500 179 8130,diasbenicio@example.org
453,10,Bruno Novaes,"Avenida Fonseca, 2
Suzana
46269-393 da Paz do Sul / CE",(051) 6888-2115,arthur-gabriel16@example.com
454,10,Ana Cecilia da Conceicao,"Campo Sampaio, 27
Vila Mantiqueira
46031-942 Martins da Mata / RS",(084) 0747 3534,arthur-miguelcardoso@example.net
455,10,Pietro Peixoto,"Praca de Correia, 5
Pongelupe
06184-998 Ramos / MT",+55 11 5715 6291,henrique55@example.org
456,10,Apollo Marques,"Viela Aurora Cassiano, 89
Maria Helena
69941-614 Camargo / SE",(031) 8098 6124,icastro@example.com
457,10,Sr. Vinicius Aparecida,"Trevo de da Mota, 50
Vila Cloris
93752866 da Cruz / PA",(051) 3886 2093,freitascaleb@example.net
458,10,Sr. Thiago da Cruz,"Distrito Cirino, 428
Custodinha
40529174 Sampaio de Fogaca / PE",(081) 0429 7832,nrodrigues@example.net
459,10,Daniela Novais,"Ladeira Mariana Pimenta, 2
Floresta
79839705 Novais de Goias / PR",51 4791 8528,leticiacosta@example.net
460,10,Melina Novaes,"Quadra de da Paz, 2
Tres Marias
36693-645 Moraes de Goias / RJ",81 2036 5950,nicole56@example.com
461,10,Mariane Guerra,"Favela de Moura, 55
Vila Madre Gertrudes 3a Secao
00455-270 Alves / AL",+55 21 9575-4328,alicia93@example.org
462,10,Camila Cunha,"Conjunto de Moreira, 625
Independencia
62631424 Montenegro / TO",+55 (081) 7450-1851,zoenovais@example.com
463,10,Dr. Joao Lucas Nascimento,"Residencial da Mata, 558
Parque Sao Jose
65374993 Jesus / PI",+55 71 8674 1733,milena12@example.com
464,10,Caleb Vargas,"Praia de Araujo, 70
Diamante
64344853 Barbosa da Mata / RO",(061) 6632-1730,lopesfernando@example.net
465,10,Enzo Gabriel Carvalho,"Residencial Rebeca Pereira, 21
Vila Aeroporto Jaragua
60783-028 Silveira de Borges / AL",+55 41 2045-2701,agatha42@example.org
466,10,Sr. Isaac Castro,"Praia de Campos, 88
Cidade Nova
97992419 Leao do Sul / TO",0800-972-2914,peixotobenicio@example.com
467,10,Enrico Vargas,"Lago Isis Mendes, 581
Ipe
26777-021 Monteiro do Galho / MT",+55 61 7439-8893,ana-lizmartins@example.org
468,10,Carolina Aparecida,"Passarela de Ribeiro, 95
Conjunto Serra Verde
68341584 Garcia dos Dourados / BA",+55 (071) 0239-7351,icavalcanti@example.net
469,10,Gael Oliveira,"Quadra Costela, 73
Vila Nova Dos Milionarios
54525589 da Rosa do Oeste / PE",+55 (031) 6584 7806,manuellanovais@example.net
470,10,Sr. Otto Nascimento,"Nucleo de Alves, 71
Vila Havai
46591-747 Cunha da Praia / PE",(071) 1585 9237,novaesjoao-lucas@example.com
471,10,Vicente Barbosa,"Setor de Pimenta, 14
Vila Nova Gameleira 1a Secao
06322-062 Ribeiro / MT",+55 (084) 6216 1573,sarhavi@example.org
472,10,Oliver Pinto,"Conjunto Nina Rodrigues
Santa Monica
05698547 Sampaio dos Dourados / AP",+55 (031) 3691-8547,da-rosaotto@example.org
473,10,Thomas Costa,"Feira Guerra
Serrano
40467585 Nogueira do Campo / PA",(061) 4178-4425,lsilveira@example.net
474,10,Sr. Luiz Fernando Carvalho,"Campo Maria Vitoria da Cruz, 856
Vila Engenho Nogueira
22880-986 Pinto do Oeste / MS",61 9888-7135,carolina10@example.net
475,10,Sophie Silva,"Viaduto Guilherme Machado, 953
Joao Paulo Ii
97854501 Pires / GO",+55 21 3868 6288,cardosomaria-sophia@example.org
476,10,Dra. Vitoria Ribeiro,"Sitio de Teixeira, 3
Olaria
42740-433 Cunha do Galho / PE",31 9054-7301,caioda-conceicao@example.net
477,10,Asafe Correia,"Chacara de Pastor, 695
Granja Werneck
42394254 Andrade de da Mota / RJ",41 1270-1754,fsouza@example.org
478,10,Fernanda Aparecida,"Aeroporto de Nascimento, 69
Novo Ouro Preto
62512027 Montenegro / ES",+55 (081) 7862-8395,inunes@example.com
479,10,Antonella Cavalcanti,"Esplanada de Souza, 3
Vila Das Oliveiras
06314-907 Rocha / RO",+55 (084) 5321-5458,josue49@example.net
480,10,Benicio Andrade,"Morro Mirella Pinto, 72
Nova Cintra
02940-499 Pastor Verde / SE",+55 (051) 4056-6759,ana-luiza61@example.org
481,10,Zoe Silveira,"Vale Montenegro, 2
Santa Margarida
84429-384 Viana / PR",0800 936 0896,jose-pedrogoncalves@example.net
482,10,Ayla Goncalves,"Loteamento Correia, 9
Vila Madre Gertrudes 4a Secao
77559707 Cavalcanti do Amparo / RO",51 3945 3909,esouza@example.org
483,10,Dr. Arthur Melo,"Morro Barbosa, 40
Bonfim
58829708 Cavalcante de Monteiro / CE",+55 (021) 2317 2837,oda-mata@example.org
484,10,Calebe Ribeiro,"Passarela Vargas, 60
Graca
75551197 Camara / RS",61 6651 7121,spastor@example.net
485,10,Antonio Montenegro,"Condominio Cavalcante, 22
Sao Vicente
80820755 Fonseca das Pedras / RS",+55 (021) 3161 4215,luiz-gustavocastro@example.net
486,10,Srta. Marcela da Paz,"Trevo Albuquerque, 19
Antonio Ribeiro De Abreu 1a Secao
31010578 Vieira de da Mota / PR",+55 84 1959-4615,melissa49@example.org
487,10,Ana Julia Barros,"Loteamento Melo, 46
Jardim America
23217719 Goncalves / RO",+55 (084) 4220 4838,lnogueira@example.org
488,10,Olivia da Luz,"Condominio Camargo, 47
Vila Nova Cachoeirinha 3a Secao
60275-760 Martins de Silva / PR",71 6253-8510,tpimenta@example.org
489,10,Erick Dias,"Conjunto de Cavalcanti, 5
Ermelinda
38637-088 Cassiano / CE",+55 61 4684-6300,pedro-henriqueda-paz@example.com
490,10,Guilherme Pastor,"Distrito Maria Luisa Vieira, 101
Joao Alfredo
46367599 Duarte / MS",(031) 3016-2598,lara49@example.com
491,10,Otavio Abreu,"Via de Santos
Dom Joaquim
22586314 Aragao / AM",0300 618 3873,wgoncalves@example.com
492,10,Ayla Pereira,"Viaduto Bruno Sales, 2
Jardim Atlantico
34879-273 Cassiano / BA",+55 84 3354 5296,barrosraul@example.org
493,10,Jose Rocha,"Area de Pires, 44
Boa Uniao 2a Secao
02811-102 Cavalcanti / RO",0300-734-2628,pintoalice@example.net
494,10,Dr. Rafael Mendes,"Jardim Fernandes, 94
Suzana
34724883 Camara / AP",+55 51 9018 7693,siqueiraesther@example.com
495,10,Pietro Moraes,"Nucleo de Andrade, 858
Vila Independencia 2a Secao
05092-328 Garcia do Galho / GO",+55 (061) 0197-8342,ravicunha@example.com
496,10,Joao Vitor Nogueira,"Patio de Barros
Maria Virginia
36031446 Pacheco / RJ",+55 (021) 8492-9563,heitor76@example.net
497,10,Milena Cunha,"Recanto Bento Carvalho, 952
Monsenhor Messias
99160-551 Souza de Casa Grande / RO",(041) 6282 2585,maria-julia05@example.com
498,10,Maria Sophia Moraes,"Ladeira Lima, 8
Conjunto Sao Francisco De Assis
55739-794 Rodrigues da Mata / MT",+55 11 1234 6027,rgomes@example.com
499,10,Alexandre Peixoto,"Favela Marques, 638
Nossa Senhora De Fatima
56695501 Costela de Goias / GO",51 2781 7515,kmarques@example.org
500,10,Luisa Fonseca,"Fazenda Campos, 1
Pousada Santo Antonio
06792451 Pinto / SP",(084) 8216-9142,caldeiraluiz-felipe@example.net
